Start	0	0
Init	0.0089280605316162	0.0089280605316162
Load in graph	52.827180862427	52.836108922958
LoadFinal new	0.0067050457000732	52.842813968658
The End	4.6702620983124	57.513076066971
